concept,angle,persona,hook,domain,ref_image_used,raw_url,ad_id,status,banked_roas,notes
hr_wachat,wachat_selected,fresher,Congratulations! You're selected,human-resource,winners/hr_wachat.png,https://raw.githubusercontent.com/magnitudecontact-eng/beep-cert-creatives/main/winners/hr_wachat.png,120247672261810480,winner,2.45,best in account; cloned into WaChat Winners 2Jul; image_hash 6bc4709e7060f8b8939e5264eeaa6a07
e03_trust,shark_tank_trust,student,The certificate Sharks backed,generic,winners/e03_trust.png,https://raw.githubusercontent.com/magnitudecontact-eng/beep-cert-creatives/main/winners/e03_trust.png,120247155745900480,winner,1.78,real Trust winner; scale target; image_hash e255da78c2bac33f1b45bd0cf04e38c6
east_ai_dark,price_risk_free_199,student,AI certificate Rs199,artificial-intelligence,winners/east_ai_dark.png,https://raw.githubusercontent.com/magnitudecontact-eng/beep-cert-creatives/main/winners/east_ai_dark.png,120245867301340480,winner,1.70,EastZone healthy lane 1.70-2.03; image_hash 6c295a206249f4a63838cf6f7e99525a
dm_chatgpt,price_risk_free_199,marketer,ChatGPT-era DM cert,digital-marketing,winners/dm_chatgpt.png,https://raw.githubusercontent.com/magnitudecontact-eng/beep-cert-creatives/main/winners/dm_chatgpt.png,120247672262500480,winner,,banked winner via UTMs; Meta under-credited; image_hash 177452eef1b5ff8caa705b3ef648d7e8
interviewproof_da,interview_outcome,jobseeker,Shortlisted in a week,data-analytics,winners/interviewproof_da.png,https://raw.githubusercontent.com/magnitudecontact-eng/beep-cert-creatives/main/winners/interviewproof_da.png,120247609447660480,testing,1.56,early signal; fund to Rs300+; image_hash d87fcbe8a4895ea0fe2853abc0589c83
sharktank_hero,shark_tank_trust,student,As seen on Shark Tank India,generic,winners/sharktank_hero.png,https://raw.githubusercontent.com/magnitudecontact-eng/beep-cert-creatives/main/winners/sharktank_hero.png,120247609452620480,live,,trust lane hero; image_hash b8fbb526f56e220304e9735b461bc57e
wac_ai_0705_1,wachat_selected,career-switcher,Selected! Your AI certificate is ready,artificial-intelligence,winners/hr_wachat.png,https://raw.githubusercontent.com/magnitudecontact-eng/beep-cert-creatives/main/statics/2026-07-05/wac_ai_0705_1.png,120247762556530480,testing,,"R2 2026-07-05; QC pass v3; ad ACTIVATED 2026-07-15 (Y1 catch-up rule — was stranded PAUSED from freeze=true at creation, freeze now false); creative missing instagram_user_id + distinct headline field - Composio METAADS connector schema gap, flagged P1 for R1"
trust_da_0705_2,shark_tank_trust,working-professional,Recognised where it counts — Shark Tank backed,data-analytics,winners/e03_trust.png,https://raw.githubusercontent.com/magnitudecontact-eng/beep-cert-creatives/main/statics/2026-07-05/trust_da_0705_2.png,120247762556450480,testing,,"R2 2026-07-05; QC pass v3; ad ACTIVATED 2026-07-15 (Y1 catch-up rule); creative missing instagram_user_id + distinct headline field - Composio METAADS connector schema gap, flagged P1 for R1"
scp_hr_0705_4,score_proof,HR aspirant,Prove your 84% — unlock your HR certificate,human-resource,winners/e03_trust.png,https://raw.githubusercontent.com/magnitudecontact-eng/beep-cert-creatives/main/statics/2026-07-05/scp_hr_0705_4.png,120247762556590480,testing,,R2 2026-07-05; nearest-angle ref; QC pass 1st attempt; ad ACTIVATED 2026-07-15 (Y1 catch-up rule); creative missing instagram_user_id + distinct headline field - flagged P1 for R1
rec_dm_0705_5,recruiter_recognition,marketing job-seeker,"Recognised by 1,100+ hiring companies",digital-marketing,winners/dm_chatgpt.png,https://raw.githubusercontent.com/magnitudecontact-eng/beep-cert-creatives/main/statics/2026-07-05/rec_dm_0705_5.png,120247762556620480,testing,,R2 2026-07-05; nearest-angle ref; QC pass 1st attempt; ad ACTIVATED 2026-07-15 (Y1 catch-up rule); creative missing instagram_user_id + distinct headline field - flagged P1 for R1
int_ai_0705_6,interview_outcome,fresh graduate,Shortlisted within a week — AI certified,artificial-intelligence,winners/interviewproof_da.png,https://raw.githubusercontent.com/magnitudecontact-eng/beep-cert-creatives/main/statics/2026-07-05/int_ai_0705_6.png,120247762558840480,testing,,R2 2026-07-05; QC pass 1st attempt; ad ACTIVATED 2026-07-15 (Y1 catch-up rule); creative missing instagram_user_id + distinct headline field - flagged P1 for R1
nbcuriosity_cyb_0705_7,newbet:curiosity_quiz,tech-curious student,Only 1 in 10 score 50%+. Are you?,cyber-security,none (text-to-image new bet),https://raw.githubusercontent.com/magnitudecontact-eng/beep-cert-creatives/main/statics/2026-07-05/nbcuriosity_cyb_0705_7.png,120247762558570480,testing,,R2 2026-07-05 NEW BET; why-conditions-changed vs failed-experiments #10; QC pass v3; ad ACTIVATED 2026-07-15 (Y1 catch-up rule); creative missing instagram_user_id + distinct headline field - flagged P1 for R1
nbhinglish_ai_0705_8,newbet:hinglish_relatable,Tier-2 city graduate,"Degree hai, par shortlist nahi ho raha?",artificial-intelligence,none (text-to-image new bet),https://raw.githubusercontent.com/magnitudecontact-eng/beep-cert-creatives/main/statics/2026-07-05/nbhinglish_ai_0705_8.png,120247762558730480,testing,,R2 2026-07-05 NEW BET; Hinglish relatability; QC pass v3; ad ACTIVATED 2026-07-15 (Y1 catch-up rule); creative missing instagram_user_id + distinct headline field - flagged P1 for R1
prf_fin_0705_3,price_risk_free_199,budget-conscious student,"Rs199, no risk: Finance certificate today",finance,winners/east_ai_dark.png,,,dropped,,"R2 2026-07-05; QC FAILED 3x (attempt1/2: gibberish quiz-question text + fabricated founder name; attempt3: seal read 'ONLY INDUSTRY RECOGNIZED', unsubstantiated exclusivity claim); slot dropped per quality contract, image removed from repo"
e06_sti_v1,shark_tank_trust,skill-seeker/job-seeker,Show your skills with a Shark-Tank-featured Data Analytics certificate,data-analytics,fusion: cream-classic + dark-AI winners,https://raw.githubusercontent.com/magnitudecontact-eng/beep-cert-creatives/main/statics/ChatGPT%20Image%20Jul%205%2C%202026%2C%2002_59_31%20PM%20%281%29.png,120247768083360480,paused,,"Compliance rebuild of rejected E03/E05 TRUST-ST winners (Meta Fraud/Deceptive: employer logo wall). Employer wall removed; Shark-Tank-led; kept Google-for-Startups/AWS-Educate program marks. PAUSED, awaiting review. dark-gold 'Data Analytics Certificate'"
e06_sti_v2,shark_tank_trust,skill-seeker/job-seeker,Show your skills with a Shark-Tank-featured Data Analytics certificate,data-analytics,fusion: cream-classic + dark-AI winners,https://raw.githubusercontent.com/magnitudecontact-eng/beep-cert-creatives/main/statics/ChatGPT%20Image%20Jul%205%2C%202026%2C%2002_59_32%20PM%20%282%29.png,120247768089130480,paused,,"Compliance rebuild of rejected E03/E05 TRUST-ST winners (Meta Fraud/Deceptive: employer logo wall). Employer wall removed; Shark-Tank-led; kept Google-for-Startups/AWS-Educate program marks. PAUSED, awaiting review. white/purple 'Prove your skills'"
e06_sti_v3,shark_tank_trust,skill-seeker/job-seeker,Show your skills with a Shark-Tank-featured Data Analytics certificate,data-analytics,fusion: cream-classic + dark-AI winners,https://raw.githubusercontent.com/magnitudecontact-eng/beep-cert-creatives/main/statics/ChatGPT%20Image%20Jul%205%2C%202026%2C%2002_59_33%20PM%20%283%29.png,120247768090200480,paused,,"Compliance rebuild of rejected E03/E05 TRUST-ST winners (Meta Fraud/Deceptive: employer logo wall). Employer wall removed; Shark-Tank-led; kept Google-for-Startups/AWS-Educate program marks. PAUSED, awaiting review. gold 'Helps you stand out'"
e06_sti_v4,shark_tank_trust,skill-seeker/job-seeker,Show your skills with a Shark-Tank-featured Data Analytics certificate,data-analytics,fusion: cream-classic + dark-AI winners,https://raw.githubusercontent.com/magnitudecontact-eng/beep-cert-creatives/main/statics/ChatGPT%20Image%20Jul%205%2C%202026%2C%2002_59_33%20PM%20%284%29.png,120247768090830480,paused,,"Compliance rebuild of rejected E03/E05 TRUST-ST winners (Meta Fraud/Deceptive: employer logo wall). Employer wall removed; Shark-Tank-led; kept Google-for-Startups/AWS-Educate program marks. PAUSED, awaiting review. light-purple 'Your skills. Your certificate.'"
e06_sti_v5,shark_tank_trust,skill-seeker/job-seeker,Show your skills with a Shark-Tank-featured Data Analytics certificate,data-analytics,fusion: cream-classic + dark-AI winners,https://raw.githubusercontent.com/magnitudecontact-eng/beep-cert-creatives/main/statics/ChatGPT%20Image%20Jul%205%2C%202026%2C%2002_59_34%20PM%20%285%29.png,120247768093190480,paused,,"Compliance rebuild of rejected E03/E05 TRUST-ST winners (Meta Fraud/Deceptive: employer logo wall). Employer wall removed; Shark-Tank-led; kept Google-for-Startups/AWS-Educate program marks. PAUSED, awaiting review. dark AI 'Learn. Test. Get certified.'"
wac_fin_0707_1,wachat_selected,aspiring financial analyst,Congratulations! You're selected — your Finance certificate is ready to download.,finance,winners/hr_wachat.png,https://raw.githubusercontent.com/magnitudecontact-eng/beep-cert-creatives/main/statics/2026-07-07/wac_fin_0707_1.png,,dropped,,"R2 2026-07-08 backlog QC FAILED: image shows fabricated 'GET Rs599 BACK / complete course in 3 months, 100% reward-back' banner inconsistent with the actual Rs199 score-unlock mechanic and this concept's caption/offer; unsubstantiated/mismatched claim. Slot dropped per quality contract."
wac_cc_0707_2,wachat_selected,IT support learner,Congratulations! You're selected — your Cloud Computing certificate is ready to download.,cloud-computing,winners/hr_wachat.png,https://raw.githubusercontent.com/magnitudecontact-eng/beep-cert-creatives/main/statics/2026-07-07/wac_cc_0707_2.png,,dropped,,R2 2026-07-08 backlog QC FAILED: certificate seal renders gibberish 'IMOUSTRY RECOGNIZED' (should read INDUSTRY RECOGNIZED) - AI text-gibberish gate. Slot dropped per quality contract.
trust_ai_0707_3,shark_tank_trust,career switcher,The certificate Sharks backed — now unlocking AI skills,artificial-intelligence,winners/e03_trust.png,https://raw.githubusercontent.com/magnitudecontact-eng/beep-cert-creatives/main/statics/2026-07-07/trust_ai_0707_3.png,,dropped,,R2 2026-07-08 backlog QC FAILED: (1) real unlicensed employer logo wall (Google/Microsoft/Amazon/Deloitte/IBM/Adobe) - repeat of the Meta Fraud/Deceptive issue already flagged in the e06_sti compliance rebuild; (2) certificate mockup text reads course domain 'Digital Marketing' while concept domain is artificial-intelligence - domain/copy mismatch; (3) garbled 'Multi-X X Course' body text. Slot dropped per quality contract.
prf_py_0707_4,price_risk_free_199,coding beginner,"Python certified for ₹199 — no risk, real recognition",python,winners/east_ai_dark.png,https://raw.githubusercontent.com/magnitudecontact-eng/beep-cert-creatives/main/statics/2026-07-07/prf_py_0707_4.png,120247861866470480,testing,,R2 2026-07-08: backlog QC PASS; ad created ACTIVE in Fresh Statics pool (controls.json freeze=false at run time); creative_id 1738007444051929; image_hash fd5d64099b8310b0e779b1d42947bd08
scp_ux_0707_5,score_proof,design-aspirant,Prove your 84% — unlock your UI/UX certificate,ui-ux,winners/e03_trust.png,https://raw.githubusercontent.com/magnitudecontact-eng/beep-cert-creatives/main/statics/2026-07-07/scp_ux_0707_5.png,,dropped,,R2 2026-07-08 backlog QC FAILED: certificate body text renders duplicated/garbled 'Communication & Communication' ('Cnmmunication & Communication') - AI text-gibberish gate. Slot dropped per quality contract.
rec_sal_0707_6,recruiter_recognition,sales fresher,"Recognised by 1,100+ hiring companies — Sales certified",sales,winners/dm_chatgpt.png,https://raw.githubusercontent.com/magnitudecontact-eng/beep-cert-creatives/main/statics/2026-07-07/rec_sal_0707_6.png,,dropped,,"R2 2026-07-08 backlog QC FAILED: real unlicensed employer logo wall (Amazon, Deloitte, Wipro, TATA) alongside the substantiated '1,100+ hiring companies' numeric claim - logo wall repeats the Meta Fraud/Deceptive issue flagged in the e06_sti compliance rebuild; codex allows the number, not the logos. Slot dropped per quality contract."
int_ds_0707_7,interview_outcome,analytics job-seeker,Shortlisted within a week — Data Science certified,data-science,winners/interviewproof_da.png,https://raw.githubusercontent.com/magnitudecontact-eng/beep-cert-creatives/main/statics/2026-07-07/int_ds_0707_7.png,120247861868450480,testing,,R2 2026-07-08: backlog QC PASS; ad created ACTIVE in Fresh Statics pool (controls.json freeze=false at run time); creative_id 1791775058460136; image_hash 703157faba0f72cd59f9175d81420b65
nbfear_ai_0707_8,newbet:fear_urgency,fresh CS grad,Recruiters skim resumes in 6 seconds. Does yours prove your AI skills?,artificial-intelligence,none (text-to-image new bet),https://raw.githubusercontent.com/magnitudecontact-eng/beep-cert-creatives/main/statics/2026-07-07/nbfear_ai_0707_8.png,120247861869040480,testing,,R2 2026-07-08: backlog QC PASS; ad created ACTIVE in Fresh Statics pool (controls.json freeze=false at run time); creative_id 1752526049112929; image_hash 55f4197d345852f0f58dbc0888b3ec49
nbvanity_ai_0707_9,newbet:vanity_top10,ambitious learner,Only the Top 10% score high enough to unlock this seal. Are you one of them?,artificial-intelligence,none (text-to-image new bet),https://raw.githubusercontent.com/magnitudecontact-eng/beep-cert-creatives/main/statics/2026-07-07/nbvanity_ai_0707_9.png,,dropped,,"R2 2026-07-08 backlog QC FAILED: certificate renders a fabricated issuing authority 'Global Tech Standards Board' and a fabricated/irrelevant date 'October 26, 2024' - unverifiable/fabricated claim about certificate legitimacy. Slot dropped per quality contract."
nbhinglish_ba_0707_10,newbet:hinglish_relatable,tier-2 city job-seeker,"Naukri chahiye, sirf degree se nahi hoga — proof dikhao",business-analytics,none (text-to-image new bet),https://raw.githubusercontent.com/magnitudecontact-eng/beep-cert-creatives/main/statics/2026-07-07/nbhinglish_ba_0707_10.png,120247861871530480,testing,,R2 2026-07-08: backlog QC PASS; ad created ACTIVE in Fresh Statics pool (controls.json freeze=false at run time); creative_id 3176038615913269; image_hash 6884a169f1c58168a229cbaf960f3de9
wac_da_0708_1,wachat_selected,early-career data analyst,You're in! Your Data Analytics certificate is confirmed.,data-analytics,winners/hr_wachat.png,https://raw.githubusercontent.com/magnitudecontact-eng/beep-cert-creatives/main/statics/2026-07-08/wac_da_0708_1.png,120247861859740480,testing,,R2 2026-07-08: backlog QC PASS; ad created ACTIVE in Fresh Statics pool (controls.json freeze=false at run time); creative_id 1809702413516742; image_hash 10059aa8df0b51955b1fe7d6617f54ba
stt_ai_0708_2,shark_tank_trust,AI job-ready graduate,Backed by Shark Tank India. Now prove your AI skills.,artificial-intelligence,winners/sharktank_hero.png,https://raw.githubusercontent.com/magnitudecontact-eng/beep-cert-creatives/main/statics/2026-07-08/stt_ai_0708_2.png,120247861862340480,testing,,R2 2026-07-08: backlog QC PASS; ad created ACTIVE in Fresh Statics pool (controls.json freeze=false at run time); creative_id 1351705100255011; image_hash b6158e30ec5faeb30922e93664ed98d4
prf_hr_0708_3,price_risk_free_199,HR fresher,"HR certificate, Rs199, zero risk — refund if you don't pass",human-resource,winners/east_ai_dark.png,https://raw.githubusercontent.com/magnitudecontact-eng/beep-cert-creatives/main/statics/2026-07-08/prf_hr_0708_3.png,120247861863970480,testing,,R2 2026-07-08: backlog QC PASS; ad created ACTIVE in Fresh Statics pool (controls.json freeze=false at run time); creative_id 2707865086275318; image_hash 4279ce501a64b3bac35d31d77c8314db
scp_ai_0708_4,score_proof,AI job-seeker,Your score is in — reveal it and unlock your AI certificate,artificial-intelligence,winners/e03_trust.png (nearest — score_proof has no dedicated winner ref in angle-weights.json),https://raw.githubusercontent.com/magnitudecontact-eng/beep-cert-creatives/main/statics/2026-07-08/scp_ai_0708_4.png,120247861865630480,testing,,R2 2026-07-08: backlog QC PASS; ad created ACTIVE in Fresh Statics pool (controls.json freeze=false at run time); creative_id 3081059842090789; image_hash 4b4eb672704e50af557d3c82d3c64971
rec_da_0708_5,recruiter_recognition,data analytics job-seeker,"Recognised by hiring teams across 1,100+ companies",data-analytics,winners/dm_chatgpt.png (nearest — recruiter_recognition has no dedicated winner ref),,,planned,,"R2 2026-07-08: Higgsfield job 3041d703-44fd-49f4-a034-39cadc5c4f3b was still in_progress when the 07-08 batch was published; never retrieved/committed. R2 2026-07-10: job_display errored twice ('Something went wrong'), job likely expired, not retrieved. Not retried 2026-07-11 (treated as dead per 07-10 precedent). Still dead as of 2026-07-15, not retried again."
int_ai_0708_6,interview_outcome,AI bootcamp graduate,Interview call in under a week — after AI certification,artificial-intelligence,winners/interviewproof_da.png,https://raw.githubusercontent.com/magnitudecontact-eng/beep-cert-creatives/main/statics/2026-07-08/int_ai_0708_6.png,,dropped,,R2 2026-07-08 backlog QC FAILED: certificate title correctly reads 'Artificial Intelligence' but body copy reads 'Pass the Data Analytics assessment' - domain/copy mismatch (concept domain is artificial-intelligence). Slot dropped per quality contract.
nbfear_wd_0708_7,newbet:fear_ats_filter,junior web developer,ATS software filters resumes before a human ever sees them — a verified certificate helps yours clear that bar.,web-development,"winners/east_ai_dark.png (style anchor only, novel layout instructed)",https://raw.githubusercontent.com/magnitudecontact-eng/beep-cert-creatives/main/statics/2026-07-08/nbfear_wd_0708_7.png,,dropped,,R2 2026-07-08 backlog QC FAILED: certificate seal renders gibberish 'INOUSTRY RECOOGNIZED' (should read INDUSTRY RECOGNIZED) - AI text-gibberish gate. Slot dropped per quality contract.
nbvanity_uiux_0708_8,newbet:vanity_top10,UI/UX design aspirant,Only the top 10% score 50%+ on the first try. Where do you rank?,ui-ux,"winners/sharktank_hero.png (style anchor only, novel layout instructed)",https://raw.githubusercontent.com/magnitudecontact-eng/beep-cert-creatives/main/statics/2026-07-08/nbvanity_uiux_0708_8.png,,dropped,,R2 2026-07-08 backlog QC FAILED: certificate field mislabeled 'Data' where 'Date' is expected next to the Signature line - proofing gate. Slot dropped per quality contract.
wac_py_0710_1,wachat_selected,aspiring Python developer,Congratulations! You're selected — your Python Programming certificate is ready to download.,python,winners/hr_wachat.png,https://raw.githubusercontent.com/magnitudecontact-eng/beep-cert-creatives/main/statics/2026-07-10/wac_py_0710_1.png,120247936730850480,testing,,"R2 2026-07-10: QC pass on retry v2. Ad ACTIVATED 2026-07-15 (Y1 catch-up rule — was stranded PAUSED from freeze=true at creation, freeze now false)."
stt_cyb_0710_2,shark_tank_trust,aspiring cybersecurity analyst,The certificate Sharks backed — now prove your Cyber Security skills.,cyber-security,winners/e03_trust.png,https://raw.githubusercontent.com/magnitudecontact-eng/beep-cert-creatives/main/statics/2026-07-10/stt_cyb_0710_2.png,120247936731340480,testing,,"R2 2026-07-10: QC pass 1st attempt. Ad ACTIVATED 2026-07-15 (Y1 catch-up rule)."
prf_sal_0710_3,price_risk_free_199,sales fresher,"Sales certificate, ₹199, zero risk.",sales,winners/east_ai_dark.png,,,dropped,,"R2 2026-07-10: QC FAILED both attempts. Attempt 1: headline and ₹199 price text omitted entirely from render (angle requires visible price). Attempt 2 (reinforced prompt): price/headline rendered but image added a fabricated unverified claim 'Recognized by 5000+ Companies' not in brief/codex/winner data — hallucinated numeric claim, fails honest-claims gate. Slot dropped per quality contract after 2 attempts; image not committed."
wac_dm_0711_1,wachat_selected,aspiring digital marketer,Congratulations! You're selected — your Digital Marketing certificate is ready to download.,digital-marketing,winners/hr_wachat.png,https://d8j0ntlcm91z4.cloudfront.net/user_2xK4fBaKbbkkUBDkXAJNabNEkKA/hf_20260711_030459_4792eb85-082f-435f-8d20-c48ca0e82608.png,120247974461040480,testing,,"R2 2026-07-11: QC pass on retry v2. Ad ACTIVE (confirmed still active on 2026-07-15 read). NOTE: raw_url points to the Higgsfield generation CDN, not the creatives-repo CDN - predates the 2026-07-15 fix to the binary-write infra gap (see R3-20260712-02 resolution note below)."
stt_hr_0711_2,shark_tank_trust,HR aspirant,The certificate Sharks backed — now prove your HR skills.,human-resource,winners/e03_trust.png,https://d8j0ntlcm91z4.cloudfront.net/user_2xK4fBaKbbkkUBDkXAJNabNEkKA/hf_20260711_030504_f9378542-e9ea-4f8e-ab71-810d08e4f1d4.png,120247974462110480,testing,,"R2 2026-07-11: QC pass on retry v2. Ad ACTIVE (confirmed still active on 2026-07-15 read). Same pre-fix CDN note as above."
nbsocial_ml_0711_5,newbet:social_proof,aspiring ML engineer,Thousands of candidates are already proving their skills with a certificate that stands out. Your Machine Learning certificate could be next.,machine-learning,"winners/dm_chatgpt.png (style anchor only, novel layout)",https://d8j0ntlcm91z4.cloudfront.net/user_2xK4fBaKbbkkUBDkXAJNabNEkKA/hf_20260711_030608_f11a0a59-9d55-4c2e-87fa-44eed7ccc4ca.png,120247974462840480,testing,,"R2 2026-07-11 NEW BET. QC pass 1st attempt. Ad ACTIVE (confirmed still active on 2026-07-15 read). Same pre-fix CDN note as above."
prf_cc_0711_3,price_risk_free_199,cloud support fresher,"Cloud Computing certified for ₹199 — no risk, real recognition.",cloud-computing,winners/east_ai_dark.png,,,dropped,,"R2 2026-07-11: QC FAILED all 3 attempts. Attempt 1: fabricated 'Recognized by 5000+ Companies' claim (repeat of the prf_sal_0710_3 hallucination pattern) + gibberish 'ACOONEED' seal. Attempt 2 (reinforced, no-fabrication instruction): fabricated 'Saurabh Mangrulkar, Founder Beep Academy' signature not in brief/codex. Attempt 3 (reinforced, no-signature instruction): signature/claims fixed but seal STILL rendered gibberish ('restONEED' for INDUSTRY RECOGNIZED) - persistent model text-rendering failure on this seal phrase across 3 independent attempts. Slot dropped per quality contract after exhausting the 2-retry max; image not committed."
scp_ba_0711_4,score_proof,business analytics aspirant,Your score is in — reveal it and unlock your Business Analytics certificate.,business-analytics,winners/e03_trust.png (nearest - score_proof has no dedicated winner ref),,,dropped,,"R2 2026-07-11: QC FAILED all 3 attempts. Attempt 1: fabricated 'TRUSTED BY 1.2M+ STUDENTS - 280+ COLLEGES' claim + gibberish 'TOUSTRY RECOGNIZED' seal. Attempt 2 (reinforced, no-fabrication instruction): OCR yield too sparse to confirm the mandatory headline actually rendered (suspected omission, same failure class as prf_sal_0710_3 attempt 1). Attempt 3 (reinforced, explicit large-headline instruction): headline rendered correctly but seal STILL gibberish ('wousTay RECOGNIZED') - same persistent INDUSTRY RECOGNIZED seal rendering failure seen across today's batch. Slot dropped per quality contract after exhausting the 2-retry max; image not committed."
wac_ba_0713_1,wachat_selected,business analytics aspirant,Congratulations! You're selected — your Business Analytics certificate is ready to download.,business-analytics,winners/hr_wachat.png,https://d8j0ntlcm91z4.cloudfront.net/user_2xK4fBaKbbkkUBDkXAJNabNEkKA/hf_20260713_030531_9fd8424c-6b45-4d61-9606-fb5c8ee43c89.png,120248022320440480,testing,,"R2 2026-07-13: QC pass on retry v2. Ad ACTIVE. Same pre-fix CDN note above (nano_banana_pro used)."
stt_dm_0713_2,shark_tank_trust,marketing professional,Backed by Shark Tank India — Prove Your Digital Marketing Skills.,digital-marketing,winners/sharktank_hero.png,https://d8j0ntlcm91z4.cloudfront.net/user_2xK4fBaKbbkkUBDkXAJNabNEkKA/hf_20260713_024338_ea9996d1-daef-472b-ac09-489d08a116aa.png,120248022321470480,testing,,"R2 2026-07-13: QC pass 1st attempt. Ad ACTIVE. Same pre-fix CDN note above."
prf_da_0713_3,price_risk_free_199,aspiring data analyst,Data Analytics Certified for ₹199 — No Risk, Real Recognition.,data-analytics,winners/east_ai_dark.png,https://d8j0ntlcm91z4.cloudfront.net/user_2xK4fBaKbbkkUBDkXAJNabNEkKA/hf_20260713_024341_da9105a7-af20-49da-8053-9b8ebe2ba896.png,120248022323700480,testing,,"R2 2026-07-13: QC pass 1st attempt. Ad ACTIVE. Same pre-fix CDN note above."
scp_dm_0713_4,score_proof,marketing job-seeker,Your Score Is In — Reveal It And Unlock Your Digital Marketing Certificate.,digital-marketing,winners/e03_trust.png (nearest — score_proof has no dedicated winner ref),https://d8j0ntlcm91z4.cloudfront.net/user_2xK4fBaKbbkkUBDkXAJNabNEkKA/hf_20260713_024345_63fb17c0-956a-47bc-b180-467d83100228.png,120248022326060480,testing,,"R2 2026-07-13: QC pass 1st attempt. Ad ACTIVE. Same pre-fix CDN note above."
rec_fin_0713_5,recruiter_recognition,finance analyst aspirant,"Recognised By 1,100+ Hiring Companies — Finance Certified.",finance,winners/dm_chatgpt.png (nearest — recruiter_recognition has no dedicated winner ref),https://d8j0ntlcm91z4.cloudfront.net/user_2xK4fBaKbbkkUBDkXAJNabNEkKA/hf_20260713_030536_6e8d936a-1f1c-4c33-b00c-c89712ce2f39.png,120248022327880480,testing,,"R2 2026-07-13: QC pass on retry v2. Ad ACTIVE. Same pre-fix CDN note above."
int_hr_0713_6,interview_outcome,HR aspirant,Shortlisted within a week — after HR certification.,human-resource,winners/interviewproof_da.png,https://d8j0ntlcm91z4.cloudfront.net/user_2xK4fBaKbbkkUBDkXAJNabNEkKA/hf_20260713_024355_2e72b976-5953-4e06-855e-963894599456.png,120248022328780480,testing,,"R2 2026-07-13: QC pass 1st attempt. Ad ACTIVE. Same pre-fix CDN note above."
nbvanity_cc_0713_7,newbet:vanity_top10,cloud support learner,Only The Top 10% Score High Enough To Unlock This Seal. Where Do You Rank?,cloud-computing,"winners/sharktank_hero.png (style anchor only, novel layout instructed)",https://d8j0ntlcm91z4.cloudfront.net/user_2xK4fBaKbbkkUBDkXAJNabNEkKA/hf_20260713_024400_d9239663-5ecc-4be6-995f-f1df33c9e09b.png,120248022330250480,testing,,"R2 2026-07-13 NEW BET. QC pass 1st attempt. Ad ACTIVE. Same pre-fix CDN note above."
nbfear_rob_0713_8,newbet:fear_urgency,robotics engineering student,Recruiters Skim Resumes In 6 Seconds. Does Yours Prove Your Robotics Skills?,robotics,"winners/east_ai_dark.png (style anchor only, novel layout instructed)",https://d8j0ntlcm91z4.cloudfront.net/user_2xK4fBaKbbkkUBDkXAJNabNEkKA/hf_20260713_024404_3a530541-dff7-448b-8a9e-238b855f2e5a.png,120248022331210480,testing,,"R2 2026-07-13 NEW BET. QC pass 1st attempt. Ad ACTIVE. Same pre-fix CDN note above."
nbbenefit_dre_0713_9,newbet:direct_benefit,drone tech enthusiast,A Verified Certificate Gets You Shortlisted 2x Faster. Get Yours In 10 Minutes.,drone-engineering,"winners/hr_wachat.png (style anchor only, novel layout instructed)",https://d8j0ntlcm91z4.cloudfront.net/user_2xK4fBaKbbkkUBDkXAJNabNEkKA/hf_20260713_030542_6f3ea7ec-841e-4767-8369-aaaf64742661.png,120248022332900480,testing,,"R2 2026-07-13 NEW BET. QC pass on retry v2. Ad ACTIVE. Same pre-fix CDN note above."
stt_fin_0715_2,shark_tank_trust,aspiring financial analyst,The certificate Sharks backed — now prove your Finance skills.,finance,winners/e03_trust.png,https://raw.githubusercontent.com/magnitudecontact-eng/beep-cert-creatives/main/statics/2026-07-15/stt_fin_0715_2.png,120248093633430480,testing,,"R2 2026-07-15: QC pass 1st attempt (OCR-verified via Composio remote workbench, sanctioned CDN-egress-block fallback). Ad created ACTIVE in Fresh Statics pool (freeze=false); creative_id 2199464310877243; verified-after-write OK (headline/body/CTA/link/IG-id match). Committed to repo via Composio GITHUB_CREATE_OR_UPDATE_FILE_CONTENTS tool (base64) — this RESOLVES the standing binary-write infra gap R3-20260712-02; raw_url re-verified as valid PNG post-commit."
prf_cyb_0715_3,price_risk_free_199,cybersecurity aspirant,Cyber Security Certified For ₹199 — No Risk, Real Recognition.,cyber-security,winners/east_ai_dark.png,https://raw.githubusercontent.com/magnitudecontact-eng/beep-cert-creatives/main/statics/2026-07-15/prf_cyb_0715_3.png,120248093635220480,testing,,"R2 2026-07-15: QC pass 1st attempt (OCR-verified). Ad created ACTIVE in Fresh Statics pool (freeze=false); creative_id 1550459386669754; verified-after-write OK. Repo-hosted via GITHUB_CREATE_OR_UPDATE_FILE_CONTENTS fix."
scp_ml_0715_4,score_proof,aspiring ML engineer,Your Score Is In — Reveal It And Unlock Your Machine Learning Certificate.,machine-learning,winners/e03_trust.png (nearest — score_proof has no dedicated winner ref),https://raw.githubusercontent.com/magnitudecontact-eng/beep-cert-creatives/main/statics/2026-07-15/scp_ml_0715_4.png,120248093637850480,testing,,"R2 2026-07-15: QC pass 1st attempt (OCR-verified). Ad created ACTIVE in Fresh Statics pool (freeze=false); creative_id 2310528422685173; verified-after-write OK. Repo-hosted via GITHUB_CREATE_OR_UPDATE_FILE_CONTENTS fix."
rec_hr_0715_5,recruiter_recognition,HR fresher,"Recognised By 1,100+ Hiring Companies — HR Certified.",human-resource,winners/dm_chatgpt.png (nearest — recruiter_recognition has no dedicated winner ref),https://raw.githubusercontent.com/magnitudecontact-eng/beep-cert-creatives/main/statics/2026-07-15/rec_hr_0715_5.png,120248093639790480,testing,,"R2 2026-07-15: QC pass on retry v2 (v1 dropped: headline not confirmed by OCR). Ad created ACTIVE in Fresh Statics pool (freeze=false); creative_id 1767293838030631; verified-after-write OK. Repo-hosted via GITHUB_CREATE_OR_UPDATE_FILE_CONTENTS fix."
int_cc_0715_6,interview_outcome,cloud support fresher,Shortlisted Within A Week — After Cloud Computing Certification.,cloud-computing,winners/interviewproof_da.png,https://raw.githubusercontent.com/magnitudecontact-eng/beep-cert-creatives/main/statics/2026-07-15/int_cc_0715_6.png,120248093642620480,testing,,"R2 2026-07-15: QC pass 1st attempt (OCR-verified). Ad created ACTIVE in Fresh Statics pool (freeze=false); creative_id 909746681447056; verified-after-write OK. Repo-hosted via GITHUB_CREATE_OR_UPDATE_FILE_CONTENTS fix."
nbhinglish_id_0715_8,newbet:hinglish_relatable,interior design aspirant,"Design skill hai, par proof kahan hai? Apna certificate abhi lo.",interior-design,"winners/hr_wachat.png (style anchor only, novel layout instructed)",https://raw.githubusercontent.com/magnitudecontact-eng/beep-cert-creatives/main/statics/2026-07-15/nbhinglish_id_0715_8.png,120248093648240480,testing,,"R2 2026-07-15 NEW BET; long-tail skill experiment per S4; failed-experiments.md checked, no conflicting listed failure. QC pass 1st attempt (OCR-verified, correct Hinglish spelling, no gibberish). Ad created ACTIVE in Fresh Statics pool (freeze=false); creative_id 2267668167377409; verified-after-write OK. Repo-hosted via GITHUB_CREATE_OR_UPDATE_FILE_CONTENTS fix."
nbvanity_vlsi_0715_7,newbet:vanity_top10,VLSI design student,Only The Top 10% Score High Enough To Unlock This Seal. Where Do VLSI Engineers Rank?,vlsi,"winners/sharktank_hero.png (style anchor only, novel layout instructed)",https://raw.githubusercontent.com/magnitudecontact-eng/beep-cert-creatives/main/statics/2026-07-15/nbvanity_vlsi_0715_7.png,120248093651310480,testing,,"R2 2026-07-15 NEW BET; long-tail skill experiment per S4; failed-experiments.md checked, no conflicting listed failure. QC pass on retry v2 (v1 dropped: mechanic-line strip not confirmed by OCR); no fabricated issuing authority/date (mitigation for the nbvanity_ai_0707_9 failure class). Ad created ACTIVE in Fresh Statics pool (freeze=false); creative_id 2137459607174183; verified-after-write OK. Repo-hosted via GITHUB_CREATE_OR_UPDATE_FILE_CONTENTS fix."
wac_sal_0715_1,wachat_selected,sales fresher,Congratulations! You're selected — your Sales certificate is ready to download.,sales,winners/hr_wachat.png,,,dropped,,"R2 2026-07-15: QC FAILED both attempts — mandatory mechanic-line strip ('QUIZ ASSESSMENT IN 10 MINUTES | SCORE 50%+ TO PASS | INSTANT DIGITAL CERTIFICATE') not confirmed by OCR on either attempt despite an explicit reinforced-prompt retry. Slot dropped per quality contract; image not committed."
wac_ds_0715_9,wachat_selected,aspiring data scientist,Congratulations! You're selected — your Data Science certificate is ready to download.,data-science,winners/hr_wachat.png,,,dropped,,"R2 2026-07-15: colorway re-skin attempted (per Y3 quota protection order) to close the 8-floor gap after wac_sal_0715_1 was dropped. QC FAILED — mechanic-line strip again not confirmed by OCR, the 3rd occurrence today of this exact defect on the hr_wachat.png WhatsApp-chat-style layout (all 3 wachat_selected attempts today: wac_sal_0715_1 x2, wac_ds_0715_9 x1). Slot dropped per quality contract rather than risk a 3rd blind retry. FLAG for R3 weekly review: the hr_wachat.png WhatsApp-chat template composition may be systematically crowding out/shrinking the mandatory mechanic strip below OCR-legible size — recommend investigating or redesigning this reference before further wachat_selected batches."
stt_hr_0716_1,shark_tank_trust,HR coordinator aspirant,"Backed by Shark Tank India. HR teams are hiring for proof, not just a resume.",human-resource,winners/e03_trust.png,https://raw.githubusercontent.com/magnitudecontact-eng/beep-cert-creatives/main/statics/2026-07-16/stt_hr_0716_1.png,120248121599360480,testing,,"R2 2026-07-16: QC pass 1st attempt (visual read via raw.githubusercontent.com, unblocked host; CDN-egress-block workbench fallback used for Higgsfield->repo transfer per Y4). Seal composited post-generation per Y2 seal rule (never AI-rendered). Ad created ACTIVE in Fresh Statics pool (freeze=false); creative_id 4595618574055482; verified-after-write OK (title/body/CTA/image_hash/IG-media confirmed via ads_get_creatives)."
stt_da_0716_2,shark_tank_trust,early-career data analyst,The certificate Sharks backed. Now prove your Data Analytics skills stack up.,data-analytics,winners/e03_trust.png,https://raw.githubusercontent.com/magnitudecontact-eng/beep-cert-creatives/main/statics/2026-07-16/stt_da_0716_2.png,120248121605890480,testing,,"R2 2026-07-16: QC pass 1st attempt. Seal composited per Y2. Ad created ACTIVE in Fresh Statics pool (freeze=false); creative_id 1645100887623267; verified-after-write OK."
stt_dm_0716_3,shark_tank_trust,aspiring performance marketer,As seen on Shark Tank India — prove your Digital Marketing skills today.,digital-marketing,winners/sharktank_hero.png,https://raw.githubusercontent.com/magnitudecontact-eng/beep-cert-creatives/main/statics/2026-07-16/stt_dm_0716_3.png,120248121613890480,testing,,"R2 2026-07-16: QC pass 1st attempt. Seal composited per Y2 (minor cosmetic bleed past scalloped edge, still fully legible, accepted). Ad created ACTIVE in Fresh Statics pool (freeze=false); creative_id 3222919631251031; verified-after-write OK."
int_cyb_0716_4,interview_outcome,aspiring SOC analyst,Shortlisted within a week — after Cyber Security certification.,cyber-security,winners/interviewproof_da.png,https://raw.githubusercontent.com/magnitudecontact-eng/beep-cert-creatives/main/statics/2026-07-16/int_cyb_0716_4.png,120248121619550480,testing,,"R2 2026-07-16: QC pass 1st attempt. Seal composited per Y2. Ad created ACTIVE in Fresh Statics pool (freeze=false); creative_id 1697549314868496; verified-after-write OK."
scp_fin_0716_5,score_proof,finance analyst aspirant,Your score is in — reveal it and unlock your Finance certificate.,finance,winners/e03_trust.png (nearest — score_proof has no dedicated winner ref),https://raw.githubusercontent.com/magnitudecontact-eng/beep-cert-creatives/main/statics/2026-07-16/scp_fin_0716_5.png,120248121640860480,testing,,"R2 2026-07-16: QC pass 1st attempt. Seal composited per Y2. Ad created ACTIVE in Fresh Statics pool (freeze=false); creative_id 1080823291147634; verified-after-write OK."
rec_hr_0716_6,recruiter_recognition,HR generalist fresher,"Recognised by 1,100+ hiring companies — HR certified and ready.",human-resource,winners/dm_chatgpt.png (nearest — recruiter_recognition has no dedicated winner ref),https://raw.githubusercontent.com/magnitudecontact-eng/beep-cert-creatives/main/statics/2026-07-16/rec_hr_0716_6.png,120248121645940480,testing,,"R2 2026-07-16: QC pass 1st attempt; auto seal-detection initially landed on the wrong gold blob (overlapping the headline) - caught on visual re-check and recomposited onto the correct certificate seal before commit. Ad created ACTIVE in Fresh Statics pool (freeze=false); creative_id 1010242078464161; verified-after-write OK."
skc_ai_0716_7,skills_current,working professional mid-career,AI is moving fast. Is your skillset still current? Prove it with a certificate.,artificial-intelligence,winners/e03_trust.png (style anchor — first skills_current ship, no dedicated ref yet),https://raw.githubusercontent.com/magnitudecontact-eng/beep-cert-creatives/main/statics/2026-07-16/skc_ai_0716_7.png,120248121650970480,testing,,"R2 2026-07-16: QC pass 1st attempt. First shipped concept on the skills_current angle (funded from new_bets 15-Jul per R3 Z5 direction). Seal composited per Y2 (minor cosmetic bleed past scalloped edge, accepted). Ad created ACTIVE in Fresh Statics pool (freeze=false); creative_id 1068226745877377; verified-after-write OK."
int_hr_0716_8,interview_outcome,HR fresher,Shortlisted within a week — after HR certification. Real recruiters, real proof.,human-resource,winners/interviewproof_da.png,https://raw.githubusercontent.com/magnitudecontact-eng/beep-cert-creatives/main/statics/2026-07-16/int_hr_0716_8.png,120248121655450480,testing,,"R2 2026-07-16: QC FAILED attempt 1 (mechanic strip gibberish 'SCORE 50%o+ TO PASS' - stray letter glued to number). Retry v2 with explicit proofreading instruction PASSED clean. Seal composited per Y2. Ad created ACTIVE in Fresh Statics pool (freeze=false); creative_id 2604258406669033; verified-after-write OK."
nb_resume_hr_0716_9,newbet:resume_proof_x_human_resource,HR job-seeker,Your resume says you can. This certificate proves it.,human-resource,winners/interviewproof_da.png,https://raw.githubusercontent.com/magnitudecontact-eng/beep-cert-creatives/main/statics/2026-07-16/nb_resume_hr_0716_9.png,120248121668670480,testing,,"R2 2026-07-16 NEW BET (curated combo from angle-weights.json new_bets, was 'not yet shipped'). QC FAILED attempt 1 (literal readable Lorem Ipsum placeholder text visible on the resume mockup background). Retry v2 with explicit no-lorem/blurred-bars instruction PASSED clean. Seal composited per Y2. Ad created ACTIVE in Fresh Statics pool (freeze=false); creative_id 1407103327958037; verified-after-write OK. Kill criteria <1.0 banked @Rs300/48h per angle-weights.json."
nb_vanity_fin_0716_10,newbet:vanity_top10_x_finance,aspiring financial analyst,Only the Top 10% score high enough to unlock this seal. Where do Finance aspirants rank?,finance,"winners/sharktank_hero.png (style anchor only, novel layout instructed)",https://raw.githubusercontent.com/magnitudecontact-eng/beep-cert-creatives/main/statics/2026-07-16/nb_vanity_fin_0716_10.png,120248121672890480,testing,,"R2 2026-07-16 NEW BET; untested vanity_top10 x finance combo; explicit no-fabricated-authority/date instruction (mitigation for the nbvanity_ai_0707_9 failure class) - certificate Date/Authority fields left as blank placeholder labels, no fabrication. Finance is skill-economics.json target_share domain but sub-100 views/wk (75) - this is the batch's ONE allowed sub-100-views new-bet slot per the 15-Jul S4 cap. QC pass 1st attempt. Seal composited per Y2. Ad created ACTIVE in Fresh Statics pool (freeze=false); creative_id 1348855440049414; verified-after-write OK. Kill criteria <1.0 banked @Rs300/48h."
nb_social_da_0716_11,newbet:social_proof_x_data_analytics,aspiring data analyst,Thousands of candidates are already proving their skills with a certificate that stands out. Your Data Analytics certificate could be next.,data-analytics,"winners/dm_chatgpt.png (style anchor only, novel layout instructed)",https://raw.githubusercontent.com/magnitudecontact-eng/beep-cert-creatives/main/statics/2026-07-16/nb_social_da_0716_11.png,120248121678550480,testing,,"R2 2026-07-16 NEW BET; social_proof angle previously only tested on now-banned machine-learning domain (nbsocial_ml_0711_5) - retested here on data-analytics (why-conditions-changed: ML banned 15-Jul at 92.9% Razorpay failure; DA is a legitimate scale-adjacent skill, not banned). QC pass 1st attempt, no specific fabricated number claimed (crowd graphic only). Seal composited per Y2. Ad created ACTIVE in Fresh Statics pool (freeze=false); creative_id 1024305970487461; verified-after-write OK. Kill criteria <1.0 banked @Rs300/48h."
stt_cyb_0717_2,shark_tank_trust,aspiring cybersecurity analyst,The certificate Sharks backed — now prove your Cyber Security skills stack up.,cyber-security,winners/east_ai_dark.png (dark style anchor via media ref),https://raw.githubusercontent.com/magnitudecontact-eng/beep-cert-creatives/main/statics/2026-07-22/stt_cyb_0717_2.png,pending,testing,,R2 2026-07-22 owner live session backlog: stranded 07-17 Higgsfield job 5ce33418 retrieved+QC pass (visual read); seal left blank per Y2 (no composite this run); shipped 22Jul live session backlog
wac_ai_0717_4,wachat_selected,career-switcher,Congratulations! You're selected — your Artificial Intelligence certificate is ready to download.,artificial-intelligence,"winners/hr_wachat.png (wachat template, large-strip mitigation)",https://raw.githubusercontent.com/magnitudecontact-eng/beep-cert-creatives/main/statics/2026-07-22/wac_ai_0717_4.png,pending,testing,,R2 2026-07-22 owner live session backlog: stranded 07-17 Higgsfield job b116be0d retrieved+QC pass (visual read); seal left blank per Y2 (no composite this run); shipped 22Jul live session backlog
scp_dm_0717_6,score_proof,marketing job-seeker,Your score is in — reveal it and unlock your Digital Marketing certificate.,digital-marketing,winners/e03_trust.png (nearest — score_proof has no dedicated ref),https://raw.githubusercontent.com/magnitudecontact-eng/beep-cert-creatives/main/statics/2026-07-22/scp_dm_0717_6.png,pending,testing,,R2 2026-07-22 owner live session backlog: stranded 07-17 Higgsfield job 94e17604 retrieved+QC pass (visual read); seal left blank per Y2 (no composite this run); shipped 22Jul live session backlog
rec_fin_0717_7,recruiter_recognition,finance analyst aspirant,"Recognised by 1,100+ hiring companies — Finance certified.",finance,winners/dm_chatgpt.png (nearest — recruiter_recognition has no dedicated ref),https://raw.githubusercontent.com/magnitudecontact-eng/beep-cert-creatives/main/statics/2026-07-22/rec_fin_0717_7.png,pending,testing,,R2 2026-07-22 owner live session backlog: stranded 07-17 Higgsfield job c190c5f1 retrieved+QC pass (visual read); seal left blank per Y2 (no composite this run); shipped 22Jul live session backlog
nb_resume_hr_0717_8,newbet:resume_proof_x_human_resource,HR job-seeker,Your resume says you can. This certificate proves it.,human-resource,winners/interviewproof_da.png (style ref),https://raw.githubusercontent.com/magnitudecontact-eng/beep-cert-creatives/main/statics/2026-07-22/nb_resume_hr_0717_8.png,pending,testing,,R2 2026-07-22 owner live session backlog: stranded 07-17 Higgsfield job 1c470f3b retrieved+QC pass (visual read); seal left blank per Y2 (no composite this run); shipped 22Jul live session backlog
wac_cyb_0717_9,newbet:cybersecurity_x_wachat_selected,tech-curious learner,Congratulations! You're selected — your Cyber Security certificate is ready to download.,cyber-security,"winners/hr_wachat.png (wachat template, large-strip mitigation)",https://raw.githubusercontent.com/magnitudecontact-eng/beep-cert-creatives/main/statics/2026-07-22/wac_cyb_0717_9.png,pending,testing,,R2 2026-07-22 owner live session backlog: stranded 07-17 Higgsfield job dd85e895 retrieved+QC pass (visual read); seal left blank per Y2 (no composite this run); shipped 22Jul live session backlog
nbfear_and_0717_10,newbet:fear_urgency,android developer aspirant,Recruiters skim resumes in 6 seconds. Does yours prove your Android App Development skills?,android-app-development,"winners/east_ai_dark.png (style anchor only, novel layout)",https://raw.githubusercontent.com/magnitudecontact-eng/beep-cert-creatives/main/statics/2026-07-22/nbfear_and_0717_10.png,pending,testing,,R2 2026-07-22 owner live session backlog: stranded 07-17 Higgsfield job 5156b917 retrieved+QC pass (visual read); seal left blank per Y2 (no composite this run); shipped 22Jul live session backlog
stt_hr_0717_1,shark_tank_trust,HR coordinator aspirant,"The certificate Sharks backed. HR teams are watching for proof of skills, not just a resume.",human-resource,winners/e03_trust.png (media ref),,,dropped,,R2 2026-07-22 live-session backlog QC FAILED (stranded 07-17 job 6f528e8e): (1) real unlicensed employer logo wall (Google/Microsoft/Amazon/Deloitte/IBM/Adobe) under TRUSTED BY TOP COMPANIES - repeat Meta Fraud/Deceptive class; (2) fabricated TRUSTED BY 1.2M+ STUDENTS - 280+ COLLEGES claim (scp_ba_0711_4 failure class); (3) fabricated Saurabh Mangrulkar Founder Beep Academy signature (prf_cc_0711_3 class). Slot dropped per quality contract; image not committed.
wac_hr_0717_3,wachat_selected,HR aspirant,Congratulations! You're selected — your Human Resource certificate is ready to download.,human-resource,winners/hr_wachat.png (wachat template),,,dropped,,"R2 2026-07-22 live-session backlog QC FAILED (stranded 07-17 job 8696d00a): bare BACKED BY Google / aws logo marks (unlicensed logos, not the licensed program lockups) + fabricated Trusted by 1.2M+ Learners / 280+ Partner Colleges claim. Slot dropped per quality contract; image not committed."
int_da_0717_5,interview_outcome,early-career data analyst,Shortlisted within a week — after Data Analytics certification.,data-analytics,winners/interviewproof_da.png (media ref),,,dropped,,"R2 2026-07-22 live-session backlog QC FAILED (stranded 07-17 job 1cfea7b3): fabricated Saurabh Mangrulkar Founder signature rendered on certificate, not in brief/codex - repeat of prf_cc_0711_3 attempt-2 failure class. Slot dropped per quality contract; image not committed."
nbcuriosity_sal_0717_11,newbet:curiosity_quiz,sales fresher,Only 1 in 10 score 50%+. Can you unlock your Sales certificate?,sales,"none (dark style anchor, novel layout)",,,dropped,,"R2 2026-07-22 live-session backlog QC FAILED (stranded 07-17 job 8cd99919): literal [Name Field] placeholder label rendered on certificate (prompt-leak, proofing gate) + body copy says 5-minute assessment while mechanic strip says 10 MINUTES (mismatched mechanic claim). Slot dropped per quality contract; image not committed."
